{"IcoMoonType":"selection","icons":[{"icon":{"paths":["M896 0h-896v1024h1024v-896l-128-128zM512 128h128v256h-128v-256zM896 896h-768v-768h64v320h576v-320h74.978l53.022 53.018v714.982z"],"tags":["floppy-disk","save"],"defaultCode":59746,"grid":16,"attrs":[]},"attrs":[],"properties":{"ligatures":"floppy-disk, save2","name":"floppy-disk","order":5,"id":99,"prevSize":32,"code":59746},"setIdx":0,"setId":1,"iconIdx":98},{"icon":{"paths":["M864 704c-45.16 0-85.92 18.738-115.012 48.83l-431.004-215.502c1.314-8.252 2.016-16.706 2.016-25.328s-0.702-17.076-2.016-25.326l431.004-215.502c29.092 30.090 69.852 48.828 115.012 48.828 88.366 0 160-71.634 160-160s-71.634-160-160-160-160 71.634-160 160c0 8.622 0.704 17.076 2.016 25.326l-431.004 215.504c-29.092-30.090-69.852-48.83-115.012-48.83-88.366 0-160 71.636-160 160 0 88.368 71.634 160 160 160 45.16 0 85.92-18.738 115.012-48.828l431.004 215.502c-1.312 8.25-2.016 16.704-2.016 25.326 0 88.368 71.634 160 160 160s160-71.632 160-160c0-88.364-71.634-160-160-160z"],"tags":["share","social"],"defaultCode":60034,"grid":16,"attrs":[]},"attrs":[],"properties":{"ligatures":"share2, social","name":"share2","order":4,"id":387,"prevSize":32,"code":60034},"setIdx":0,"setId":1,"iconIdx":386}],"height":1024,"metadata":{"name":"icomoon"},"preferences":{"showGlyphs":true,"showQuickUse":true,"showQuickUse2":true,"showSVGs":true,"fontPref":{"prefix":"icon-","metadata":{"fontFamily":"icomoon"},"metrics":{"emSize":1024,"baseline":6.25,"whitespace":50},"embed":false},"imagePref":{"prefix":"icon-","png":true,"useClassSelector":true,"color":0,"bgColor":16777215,"classSelector":".icon"},"historySize":50,"showCodes":true,"gridSize":16}}